,SG_UF,CO_MUNICIPIO,Cod Cid,ID_ESCOLA,Escola,Rede,2005,2007,2009,2011,2013,2015,2017,2019
4364,TO,1700251,Abreulândia,17010535,COLEGIO ESTADUAL SAO PEDRO,Estadual,0.0,3.4,4.0,4.2,3.8,3.3,0.0,4.5
4365,TO,1700301,Aguiarnópolis,17004268,COL EST NAZARE NUNES DA SILVA,Estadual,4.1,4.2,3.9,3.6,3.3,4.1,3.8,3.7
4367,TO,1700350,Aliança do Tocantins,17020336,COLEGIO ESTADUAL ANITA CASSIMIRO MORENO,Estadual,3.7,3.3,3.8,4.5,5.1,4.1,5.0,5.7
4368,TO,1700350,Aliança do Tocantins,17020360,ESCOLA ESTADUAL NOSSA SENHORA DO CARMO,Estadual,3.1,0.0,3.7,3.4,4.5,5.1,5.3,5.4
4370,TO,1700400,Almas,17032229,COL EST DR ABNER ARAUJO PACINI,Estadual,3.2,3.6,3.7,3.5,3.7,4.0,4.7,4.2
4371,TO,1700400,Almas,17032270,ESC EST DEOCLIDES MUNIZ,Estadual,0.0,0.0,0.0,4.1,4.1,4.1,4.4,3.9
4372,TO,1700400,Almas,17042798,COLEGIO AGROPECUARIO DE ALMAS,Estadual,0.0,0.0,3.7,0.0,3.7,0.0,4.5,0.0
4373,TO,1700707,Alvorada,17020581,COLEGIO ESTADUAL ADJULIO BALTHAZAR,Estadual,4.0,4.6,4.6,5.0,4.6,4.6,4.8,5.2
4375,TO,1701002,Ananás,17000017,COL EST GETULIO VARGAS,Estadual,2.9,3.2,3.5,3.7,3.6,3.9,4.6,4.4
4376,TO,1701002,Ananás,17000033,ESC EST ANTONIO ALVES MOREIRA,Estadual,0.0,0.0,3.6,4.2,0.0,0.0,0.0,0.0
4377,TO,1701002,Ananás,17000041,ESCOLA ESTADUAL PRESIDENTE COSTA E SILVA,Estadual,0.0,0.0,0.0,0.0,3.3,3.4,3.4,0.0
4378,TO,1701002,Ananás,17000050,ESC EVANGELICA GUNNAR VINGREN,Estadual,4.0,4.0,4.4,4.3,0.0,0.0,0.0,0.0
4379,TO,1701002,Ananás,17000173,ESCOLA PAROQUIAL SAO PEDRO - CONVENIADA,Estadual,3.8,4.1,4.4,4.8,3.8,4.5,4.9,4.7
4380,TO,1701051,Angico,17000203,COLEGIO ESTADUAL MAURO BORGES,Estadual,3.5,3.7,0.0,0.0,0.0,0.0,0.0,0.0
4381,TO,1701051,Angico,17093830,COLEGIO ESTADUAL DULCE COELHO DE SOUSA,Estadual,0.0,0.0,3.5,3.5,3.2,3.1,4.4,4.2
4382,TO,1701101,Aparecida do Rio Negro,17023394,ESCOLA ESTADUAL GIRASSOL DE TEMPO INTEGRAL MEIRA MATOS,Estadual,3.5,3.0,3.8,3.9,3.6,3.8,4.5,3.8
4384,TO,1701309,Aragominas,17004918,COL EST GETULIO VARGAS,Estadual,3.4,2.6,3.5,3.7,3.5,3.3,0.0,4.0
4385,TO,1701903,Araguacema,17010748,COLEGIO ESTADUAL DE ARAGUACEMA,Estadual,3.8,4.0,3.9,4.3,3.3,4.2,4.3,4.2
4386,TO,1701903,Araguacema,17010772,COLEGIO CONVENIADO MENNO SIMONS,Estadual,3.3,3.8,3.7,4.2,4.2,3.8,4.6,4.3
4391,TO,1702000,Araguaçu,17017637,INSTITUTO EDUCACIONAL SOCIAL EVANGELICO DE ARAGUACU,Estadual,3.9,3.8,3.5,4.2,4.4,3.8,5.4,5.5
4392,TO,1702109,Araguaína,17004977,COL EST ADOLFO BEZERRA DE MENEZES,Estadual,3.5,3.1,3.2,3.6,0.0,3.1,2.7,3.9
4393,TO,1702109,Araguaína,17004993,COL EST GUILHERME DOURADO,Estadual,3.9,3.5,4.5,4.0,3.6,4.0,0.0,3.8
4394,TO,1702109,Araguaína,17005019,COL EST RUI BARBOSA,Estadual,3.7,3.4,3.9,4.0,3.8,3.8,0.0,0.0
4395,TO,1702109,Araguaína,17005027,ESCOLA ESTADUAL GIRASSOL DE TEMPO INTEGRAL SANCHA FERREIRA,Estadual,0.0,3.8,3.9,3.4,3.7,4.1,0.0,0.0
4396,TO,1702109,Araguaína,17005060,COL PRE UNIVERSITARIO DE ARAGUAINA,Estadual,3.9,3.6,4.4,5.3,4.8,5.1,5.7,0.0
4397,TO,1702109,Araguaína,17005094,COLEGIO DE APLICACAO,Estadual,4.0,4.1,3.8,4.1,4.1,3.4,0.0,0.0
4398,TO,1702109,Araguaína,17005230,ESCOLA ESPIRITA ANDRE LUIZ CONVENIADA,Estadual,0.0,0.0,0.0,0.0,0.0,0.0,0.0,5.5
4399,TO,1702109,Araguaína,17005248,COLEGIO EST ADEMAR VICENTE FERREIRA SOBRINHO,Estadual,3.1,3.3,2.8,3.2,2.9,3.7,4.7,4.6
4400,TO,1702109,Araguaína,17005264,COLEGIO ESTADUAL CAMPOS BRASIL,Estadual,3.5,3.5,4.2,3.4,2.7,4.1,4.5,4.1
4401,TO,1702109,Araguaína,17005280,ESCOLA ESTADUAL PROFESSOR JOAO ALVES BATISTA,Estadual,4.5,4.4,4.7,3.7,3.8,2.8,0.0,0.0
4402,TO,1702109,Araguaína,17005299,ESCOLA ESTADUAL GIRASSOL DE TEMPO INTEGRAL DEPUTADO FEDERAL JOSE ALVES DE ASSIS,Estadual,3.6,3.6,4.2,4.0,4.0,0.0,4.8,5.8
4403,TO,1702109,Araguaína,17005329,ESCOLA ESTADUAL FRANCISCO MAXIMO DE SOUSA,Estadual,3.6,3.9,4.0,4.0,3.5,3.3,0.0,4.2
4404,TO,1702109,Araguaína,17005337,COLEGIO ESTADUAL PROFESSORA SILVANDIRA SOUSA LIMA,Estadual,3.1,3.6,1.1,3.4,2.9,3.3,5.0,4.3
4405,TO,1702109,Araguaína,17005345,COLEGIO EST HENRIQUE C AMORIM,Estadual,0.0,3.6,4.0,3.2,3.7,2.9,4.8,4.1
4406,TO,1702109,Araguaína,17005353,ESC EST JOAO GUILHERME LEITE KUNZE,Estadual,4.0,4.0,4.0,4.1,3.7,3.8,4.5,0.0
4408,TO,1702109,Araguaína,17005370,ESCOLA ESTADUAL JORGE AMADO,Estadual,3.0,2.8,3.2,3.6,2.6,2.9,4.5,3.8
4409,TO,1702109,Araguaína,17005396,ESC EST MAL RONDON,Estadual,3.7,3.7,4.5,4.4,3.4,3.2,4.1,4.3
4410,TO,1702109,Araguaína,17005400,ESC EST MANOEL GOMES DA CUNHA,Estadual,0.0,3.0,0.0,0.0,3.6,3.0,0.0,0.0
4411,TO,1702109,Araguaína,17005426,ESC EST MODELO,Estadual,3.6,3.7,4.9,4.2,4.5,3.6,5.5,5.3
4412,TO,1702109,Araguaína,17005442,ESC EST NORTE GOIANO,Estadual,3.7,3.9,4.0,3.8,3.3,3.2,5.0,5.2
4413,TO,1702109,Araguaína,17005477,ESCOLA ESTADUAL PROFESSOR ALFREDO NASSER,Estadual,3.5,3.2,3.6,3.6,3.0,3.7,3.2,0.0
4414,TO,1702109,Araguaína,17005485,ESCOLA ESTADUAL VILA NOVA,Estadual,3.4,3.5,3.3,3.9,3.9,3.9,0.0,4.7
4415,TO,1702109,Araguaína,17005493,ESC EST WELDER MARIA DE ABREU SALES,Estadual,3.2,3.4,3.6,3.9,3.6,4.4,0.0,4.8
4417,TO,1702109,Araguaína,17006279,ESC PAROQUIAL LUIZ AUGUSTO,Estadual,3.8,3.8,4.5,4.8,4.4,4.9,5.2,5.3
4418,TO,1702109,Araguaína,17039878,CAIC - JORGE HUMBERTO CAMARGO,Estadual,2.8,3.7,3.5,3.2,3.4,4.1,0.0,4.5
4419,TO,1702109,Araguaína,17040027,ASSISTENCIA SOCIAL PENTECOSTAL DE ARAGUAINA -ASPA,Estadual,0.0,0.0,0.0,0.0,4.2,3.4,4.3,0.0
4420,TO,1702109,Araguaína,17052068,COLEGIO ESTADUAL JARDIM PAULISTA,Estadual,3.4,2.7,3.6,3.1,3.0,3.5,4.0,3.9
4422,TO,1702158,Araguanã,17006422,ESCOLA ESTADUAL MACHADO DE ASSIS,Estadual,3.8,3.5,3.7,3.4,4.0,3.8,3.8,0.0
4423,TO,1702158,Araguanã,17006430,ESC EST SAO PEDRO,Estadual,0.0,3.7,0.0,3.5,0.0,3.9,0.0,0.0
4424,TO,1702208,Araguatins,17000327,COLEGIO ESTADUAL LEONIDAS GONCALVES DUARTE,Estadual,3.8,4.2,4.1,4.5,4.1,3.9,3.8,4.8
4425,TO,1702208,Araguatins,17000360,COL EST ATANAZIO DE MOURA SEIXAS,Estadual,3.0,3.5,3.5,0.0,0.0,0.0,3.7,3.6
4426,TO,1702208,Araguatins,17000386,ESC EST OSVALDO FRANCO,Estadual,3.4,3.8,3.7,3.9,3.9,3.6,4.5,4.7
4432,TO,1702208,Araguatins,17000998,ESC EST FREI SAVINO,Estadual,0.0,0.0,0.0,4.3,3.3,0.0,3.9,4.1
4433,TO,1702208,Araguatins,17047358,ESCOLA ESTADUAL SANTA GERTRUDES,Estadual,0.0,0.0,0.0,3.5,3.6,0.0,3.3,4.5
4434,TO,1702208,Araguatins,17047366,ESCOLA ISOLADA BOA SORTE,Estadual,0.0,0.0,0.0,0.0,0.0,0.0,4.0,0.0
4436,TO,1702208,Araguatins,17068002,ESCOLA ESTADUAL ALDINAR GONCALVES DE CARVALHO,Estadual,0.0,0.0,4.0,3.7,3.6,3.5,4.0,5.1
4437,TO,1702307,Arapoema,17006481,COLEGIO ESTADUAL RUILON DIAS CARNEIRO,Estadual,3.7,3.8,4.0,3.6,4.1,4.1,4.7,0.0
4438,TO,1702307,Arapoema,17006503,ESC EST ANTONIO DELFINO GUIMARAES,Estadual,3.9,3.9,3.9,4.2,3.1,4.3,0.0,0.0
4439,TO,1702406,Arraias,17032695,COLEGIO ESTADUAL PROFESSORA JOANA BATISTA CORDEIRO,Estadual,3.6,4.1,4.0,4.4,3.6,4.3,0.0,0.0
4440,TO,1702406,Arraias,17032717,ESCOLA ESTADUAL GIRASSOL DE TEMPO INTEGRAL AGRICOLA DAVID AIRES FRANCA,Estadual,0.0,0.0,4.4,3.9,4.2,4.2,0.0,3.8
4441,TO,1702406,Arraias,17032750,ESCOLA ESTADUAL BRIGADEIRO FELIPE,Estadual,0.0,0.0,0.0,0.0,0.0,0.0,4.7,4.2
4442,TO,1702406,Arraias,17032784,ESCOLA ESTADUAL PROFESSORA ZULMIRA MAGALHAES,Estadual,0.0,0.0,4.1,3.1,3.3,3.5,4.0,0.0
4443,TO,1702406,Arraias,17032814,ESCOLA ESTADUAL JACY ALVES DE BARROS,Estadual,0.0,0.0,0.0,0.0,4.4,4.0,5.1,4.9
4444,TO,1702406,Arraias,17032865,ESCOLA ESTADUAL PROFº APOENAN DE ABREU TEIXEIRA,Estadual,0.0,0.0,4.6,4.3,0.0,4.1,4.6,0.0
4445,TO,1702406,Arraias,17032873,ESCOLA ESTADUAL SILVA DOURADO,Estadual,0.0,0.0,0.0,0.0,0.0,0.0,0.0,4.4
4446,TO,1702554,Augustinópolis,17001013,ESCOLA ESTADUAL GIRASSOL DE TEMPO INTEGRAL AUGUSTINOPOLIS,Estadual,3.3,3.3,3.8,3.0,4.3,4.2,4.3,4.5
4447,TO,1702554,Augustinópolis,17001021,ESC EST FAZENDA DEZESSEIS,Estadual,0.0,0.0,0.0,0.0,3.3,0.0,4.5,0.0
4448,TO,1702554,Augustinópolis,17001030,ESC EST SANTA GENOVEVA,Estadual,3.0,2.9,3.5,3.5,2.6,3.0,3.2,3.2
4449,TO,1702554,Augustinópolis,17001048,CENTRO ESTADUAL DE EDUCACAO LA SALLE,Estadual,0.0,0.0,0.0,0.0,0.0,0.0,0.0,5.1
4450,TO,1702554,Augustinópolis,17041708,ESCOLA COMUNITARIA DE AUGUSTINOPOLIS,Estadual,4.6,4.9,5.2,4.9,4.4,4.6,4.7,0.0
4451,TO,1702703,Aurora do Tocantins,17033276,COLEGIO ESTADUAL PROFESSORA RANULFA,Estadual,3.1,3.7,4.0,4.1,3.9,4.3,5.0,4.2
4453,TO,1702901,Axixá do Tocantins,17001188,ESCOLA ESTADUAL SAO FRANCISCO DE ASSIS,Estadual,3.0,3.2,3.8,3.3,3.4,4.2,4.3,4.1
4460,TO,1703008,Babaçulândia,17006848,COL EST LEOPOLDO DE BULHOES,Estadual,3.8,3.6,3.6,4.1,3.2,0.0,0.0,4.2
4461,TO,1703008,Babaçulândia,17006856,ESCOLA ESTADUAL HENRIQUE FIGUEIREDO DE BRITO,Estadual,0.0,0.0,3.5,3.2,3.2,3.9,4.4,0.0
4462,TO,1703008,Babaçulândia,17006872,ESCOLA ESTADUAL RUI BARBOSA,Estadual,3.0,3.4,3.4,3.1,3.2,4.1,0.0,0.0
4464,TO,1703057,Bandeirantes do Tocantins,17006511,ESCOLA ESTADUAL ARCELINO FRANCISCO DO NASCIMENTO,Estadual,0.0,3.4,0.0,3.5,4.1,4.2,0.0,0.0
4466,TO,1703073,Barra do Ouro,17028000,ESCOLA ESTADUAL PROFESSOR VICENTE JOSE VIEIRA,Estadual,3.5,3.1,3.6,3.0,3.5,4.1,3.7,0.0
4467,TO,1703073,Barra do Ouro,17028027,ESCOLA ESTADUAL BREJAO,Estadual,0.0,0.0,3.2,3.6,2.8,3.7,3.6,3.7
4468,TO,1703107,Barrolândia,17010934,ESC EST PRESIDENTE COSTA E SILVA,Estadual,3.6,3.4,4.2,3.6,3.6,3.7,4.2,4.0
4469,TO,1703107,Barrolândia,17010950,ESCOLA ESTADUAL PAULINA CAMARA,Estadual,0.0,3.8,3.3,4.0,2.7,4.1,4.4,4.8
4470,TO,1703206,Bernardo Sayão,17011396,COLEGIO ESTADUAL BERNARDO SAYAO,Estadual,3.4,4.6,0.0,4.7,5.0,4.2,4.5,3.4
4473,TO,1703305,Bom Jesus do Tocantins,17023530,ESC EST ALFREDO NASSER,Estadual,0.0,3.0,4.1,4.2,4.6,4.1,4.4,4.4
4476,TO,1703602,Brasilândia do Tocantins,17011590,COLEGIO ESTADUAL SEBASTIAO RODRIGUES SALES,Estadual,3.7,3.5,4.5,4.0,3.1,3.2,0.0,0.0
4477,TO,1703701,Brejinho de Nazaré,17020867,COLEGIO ESTADUAL PADRAO,Estadual,3.8,3.1,3.6,3.5,3.7,3.6,4.0,0.0
4478,TO,1703701,Brejinho de Nazaré,17020891,ESC EST JONAS PEREIRA LIMA,Estadual,0.0,0.0,0.0,0.0,0.0,0.0,0.0,5.0
4480,TO,1703800,Buriti do Tocantins,17001439,COLEGIO ESTADUAL BURITI,Estadual,0.0,3.6,0.0,3.8,3.8,0.0,0.0,0.0
4481,TO,1703800,Buriti do Tocantins,17001455,ESC EST DARCINOPOLIS,Estadual,0.0,3.2,3.5,0.0,3.7,0.0,4.3,3.8
4482,TO,1703800,Buriti do Tocantins,17001463,ESC EST PRES TANCREDO DE ALMEIDA NEVES,Estadual,0.0,0.0,0.0,0.0,0.0,0.0,0.0,4.0
4483,TO,1703800,Buriti do Tocantins,17001471,ESCOLA ESTADUAL VICENTE CARLOS DE SOUSA,Estadual,3.0,2.7,3.9,3.9,3.8,4.2,3.9,4.8
4484,TO,1703800,Buriti do Tocantins,17001579,ESCOLA ESTADUAL MINISTRO NEY BRAGA,Estadual,0.0,3.2,3.6,3.5,3.6,0.0,4.0,4.1
4485,TO,1703826,Cachoeirinha,17001595,ESCOLA ESTADUAL RAIMUNDO NONATO TORRES,Estadual,3.5,3.4,3.4,3.7,4.1,3.8,4.0,3.7
4486,TO,1703842,Campos Lindos,17027608,ESCOLA ESTADUAL MANOEL ALVES GRANDE,Estadual,3.3,3.6,2.5,3.9,3.6,3.0,0.0,4.2
4489,TO,1703867,Cariri do Tocantins,17021146,COLEGIO ESTADUAL TARSO DUTRA,Estadual,0.0,3.0,3.5,0.0,4.7,3.5,0.0,4.2
4491,TO,1703883,Carmolândia,17007429,ESC EST BARTOLOMEU BUENO DA SILVA,Estadual,3.2,3.5,4.1,3.8,2.9,3.5,4.0,4.7
4493,TO,1703891,Carrasco Bonito,17001650,ESCOLA ESTADUAL CICERO GOMES DE JESUS,Estadual,0.0,3.7,3.7,3.4,3.1,4.0,4.2,3.9
4494,TO,1703891,Carrasco Bonito,17001668,ESC EST INES VIANA COSTA,Estadual,0.0,0.0,0.0,0.0,0.0,2.7,3.8,0.0
4497,TO,1703909,Caseara,17011736,COLEGIO ESTADUAL TRAJANO DE ALMEIDA,Estadual,3.7,3.7,4.2,4.6,3.5,4.4,0.0,0.0
4498,TO,1703909,Caseara,17011744,ESC EST JOSE ALVES DE ASSIS,Estadual,0.0,3.2,3.7,3.5,3.5,3.1,0.0,0.0
4499,TO,1704105,Centenário,17027705,COLEGIO ESTADUAL OTONIEL CAVALCANTE DE JESUS,Estadual,0.0,0.0,3.5,0.0,3.7,4.0,4.1,3.7
4502,TO,1705102,Chapada da Natividade,17035163,COLEGIO ESTADUAL FULGENCIO NUNES,Estadual,3.0,3.3,3.7,3.3,3.0,3.0,0.0,0.0
4503,TO,1705508,Colinas do Tocantins,17007488,ESCOLA ESTADUAL FRANCISCO PEREIRA FELICIO,Estadual,3.9,4.3,4.0,3.9,4.2,3.3,4.3,4.0
4504,TO,1705508,Colinas do Tocantins,17007500,COLEGIO JOAO XXIII,Estadual,4.2,4.2,4.2,4.8,4.1,4.5,4.9,0.0
4505,TO,1705508,Colinas do Tocantins,17007518,COLEGIO ESTADUAL GIRASSOL DE TEMPO INTEGRAL ERNESTO BARROS,Estadual,2.6,3.4,3.4,2.8,4.9,0.0,0.0,5.1
4506,TO,1705508,Colinas do Tocantins,17007526,ESCOLA ESTADUAL LACERDINO OLIVEIRA CAMPOS,Estadual,3.7,3.5,3.5,3.4,3.6,3.6,4.3,0.0
4507,TO,1705508,Colinas do Tocantins,17007534,ESC EST MARIA JOSE DE OLIVEIRA,Estadual,3.2,3.0,0.0,0.0,0.0,0.0,0.0,0.0
4512,TO,1705508,Colinas do Tocantins,17007852,ESCOLA PRESBITERIANA DE COLINAS DO TOCANTINS,Estadual,3.9,4.7,4.8,5.1,5.1,5.2,5.3,5.7
4513,TO,1705508,Colinas do Tocantins,17051690,INSTITUTO EDUCACIONAL GUNNAR VINGREN,Estadual,0.0,0.0,0.0,4.2,3.9,3.5,4.6,0.0
4514,TO,1705557,Combinado,17033624,COLEGIO ESTADUAL JOAQUIM DE SENA E SILVA,Estadual,4.1,4.3,4.4,0.0,0.0,0.0,0.0,0.0
4515,TO,1705557,Combinado,17033632,ESCOLA ESTADUAL PROFESSORA AUGUSTA VAZ DOS SANTOS TEIXEIRA,Estadual,0.0,0.0,0.0,4.5,4.4,4.3,5.1,5.0
4516,TO,1705607,Conceição do Tocantins,17033705,COL EST CEL JOSE FRANCISCO DE AZEVEDO,Estadual,3.4,3.7,2.9,3.4,2.6,2.8,3.5,0.0
4517,TO,1706001,Couto Magalhães,17011787,COL EST ARCHANGELA MILHOMEM,Estadual,3.1,3.3,3.5,3.2,3.0,2.7,0.0,3.3
4519,TO,1706001,Couto Magalhães,17050871,ESCOLA ESTADUAL GIRASSOL DE TEMPO INTEGRAL ULTIMO DE CARVALHO,Estadual,0.0,0.0,0.0,0.0,0.0,0.0,4.0,0.0
4521,TO,1706100,Cristalândia,17017653,COLEGIO ESTADUAL DE CRISTALANDIA,Estadual,4.1,4.2,4.9,5.3,3.2,3.2,4.4,4.7
4522,TO,1706100,Cristalândia,17017688,ESC EST CASTELO BRANCO,Estadual,3.4,3.6,4.6,3.7,0.0,0.0,0.0,0.0
4523,TO,1706100,Cristalândia,17017718,ESCOLA ESTADUAL OTACILIO MARQUES ROSAL,Estadual,0.0,0.0,0.0,0.0,3.4,2.4,4.9,5.0
4524,TO,1706258,Crixás do Tocantins,17040841,ESCOLA ESTADUAL OLAVO BILAC,Estadual,0.0,3.4,3.3,4.0,3.4,3.4,2.7,4.1
4525,TO,1706506,Darcinópolis,17001730,COLEGIO ESTADUAL JOSE DE SOUZA PORTO,Estadual,3.2,2.8,3.6,3.3,3.8,3.6,4.4,4.9
4526,TO,1707009,Dianópolis,17033993,COLEGIO JOAO D ABREU,Estadual,4.7,4.8,4.9,4.7,4.8,4.3,4.6,4.5
4527,TO,1707009,Dianópolis,17034019,ESC BATISTA BLONNYE HOLMES FOREMAN,Estadual,0.0,0.0,0.0,0.0,3.3,3.9,3.8,0.0
4528,TO,1707009,Dianópolis,17034027,CENTRO DE ENSINO MEDIO ANTONIO POVOA,Estadual,3.4,3.0,3.0,3.3,2.1,2.7,0.0,0.0
4529,TO,1707009,Dianópolis,17034035,ESC EST CEL ABILIO WOLNEY,Estadual,3.0,2.7,3.4,2.8,3.1,3.3,3.6,3.4
4531,TO,1707009,Dianópolis,17034221,ESCOLA COOPERATIVA CHAPADAO,Estadual,0.0,0.0,0.0,0.0,0.0,0.0,4.8,4.9
4532,TO,1707108,Divinópolis do Tocantins,17012104,COLEGIO ESTADUAL JOAO DIAS SOBRINHO,Estadual,3.8,4.0,4.1,4.7,4.2,4.3,4.5,5.0
4533,TO,1707108,Divinópolis do Tocantins,17012112,ESCOLA ESTADUAL D CANDIDA DE FREITAS,Estadual,0.0,4.1,3.9,4.5,4.7,4.0,4.6,0.0
4535,TO,1707207,Dois Irmãos do Tocantins,17012350,COL EST PRES CASTELO BRANCO,Estadual,3.7,2.9,3.4,3.3,3.2,3.1,4.0,0.0
4536,TO,1707306,Dueré,17017912,COLEGIO ESTADUAL ELESBAO LIMA,Estadual,3.4,3.5,3.2,3.7,3.2,3.5,4.2,4.2
4537,TO,1707405,Esperantina,17001935,ESC EST DR ULISSES GUIMARAES,Estadual,0.0,0.0,4.1,4.3,2.5,4.1,4.7,3.8
4538,TO,1707405,Esperantina,17039932,COLEGIO EST JOAQUINA MARIA DA SILVA,Estadual,3.9,3.7,3.6,3.6,3.5,3.9,4.2,4.1
4544,TO,1707405,Esperantina,17054796,ESCOLA FAMILIA AGRICOLA DO BICO DO PAPAGAIO PADRE JOSIMO,Estadual,0.0,0.0,0.0,0.0,0.0,0.0,4.3,4.2
4545,TO,1707553,Fátima,17018129,COL EST DE NOVA FATIMA,Estadual,3.5,3.7,3.4,3.8,0.0,0.0,0.0,0.0
4546,TO,1707553,Fátima,17018161,COLEGIO ESTADUAL CONCEICAO BRITO,Estadual,0.0,0.0,0.0,0.0,3.2,3.7,3.9,0.0
4547,TO,1707652,Figueirópolis,17021243,COL EST ALAIR SENA CONCEICAO,Estadual,3.7,3.6,4.1,3.9,3.5,0.0,0.0,0.0
4548,TO,1707652,Figueirópolis,17021251,COLEGIO ESTADUAL CANDIDO FIGUEIRA,Estadual,0.0,0.0,0.0,0.0,0.0,4.1,0.0,4.1
4549,TO,1707702,Filadélfia,17007887,COLEGIO ESTADUAL DE FILADELFIA,Estadual,3.6,3.4,3.2,2.8,2.5,3.0,0.0,0.0
4550,TO,1707702,Filadélfia,17007895,ESC EST ADEUVALDO DE OLIVEIRA MORAES,Estadual,0.0,0.0,0.0,0.0,0.0,0.0,0.0,4.4
4552,TO,1707702,Filadélfia,17056012,ESCOLA ESTADUAL PROFESSOR JOSE FRANCISCO DOS MONTES,Estadual,0.0,0.0,0.0,0.0,0.0,0.0,0.0,3.2
4553,TO,1708205,Formoso do Araguaia,17018382,COLEGIO ESTADUAL BENEDITO PEREIRA BANDEIRA,Estadual,0.0,3.3,4.1,4.2,3.2,4.2,4.1,4.0
4554,TO,1708205,Formoso do Araguaia,17018390,COLEGIO ESTADUAL TIRADENTES,Estadual,3.5,3.7,5.0,4.3,3.6,0.0,0.0,0.0
4555,TO,1708205,Formoso do Araguaia,17018404,ESCOLA ESTADUAL GERCINA BORGES TEIXEIRA,Estadual,4.2,4.1,4.6,4.3,4.2,4.6,5.1,5.3
4563,TO,1708254,Fortaleza do Tabocão,17039436,ESCOLA ESTADUAL GIRASSOL DE TEMPO INTEGRAL MAJOR JUVENAL PEREIRA DE SOUZA,Estadual,3.2,3.4,3.8,3.9,4.0,4.3,5.1,4.8
4564,TO,1708304,Goianorte,17012970,COL EST ANTENOR BARREIRA,Estadual,3.1,3.1,3.3,3.4,3.5,3.7,4.6,4.1
4565,TO,1708304,Goianorte,17012988,ESCOLA ESTADUAL MORRO DO MATO,Estadual,0.0,0.0,0.0,0.0,0.0,0.0,0.0,3.7
4566,TO,1709005,Goiatins,17027993,COL EST ADA DE ASSIS TEIXEIRA,Estadual,3.3,3.2,3.9,3.5,3.4,4.2,4.0,4.4
4569,TO,1709005,Goiatins,17028493,ESCOLA INDIGENA CROKROC,Estadual,0.0,0.0,0.0,0.0,0.0,0.0,0.0,0.0
4570,TO,1709005,Goiatins,17028507,ESCOLA ESTADUAL INDIGENA TORO HACRO,Estadual,0.0,0.0,0.0,0.0,0.0,0.0,1.9,0.0
4571,TO,1709005,Goiatins,17028515,ESC INDIGENA TXUALET,Estadual,0.0,0.0,0.0,0.0,0.0,0.0,1.9,0.0
4575,TO,1709302,Guaraí,17013364,COL EST DONA ANAIDES BRITO MIRANDA,Estadual,3.4,3.5,3.6,3.3,2.7,3.5,0.0,3.8
4576,TO,1709302,Guaraí,17013372,COLEGIO ESTADUAL RAIMUNDO ALENCAR LEAO,Estadual,4.1,4.2,3.8,4.0,3.7,3.2,4.4,3.5
4577,TO,1709302,Guaraí,17013410,ESC EST ANTONIO ALENCAR LEAO,Estadual,4.0,4.1,4.1,3.8,3.4,4.5,3.8,4.5
4578,TO,1709302,Guaraí,17013429,ESC EST IRINEU ALBANO HENDGES,Estadual,3.7,3.2,3.9,3.6,2.5,4.0,0.0,3.5
4579,TO,1709302,Guaraí,17013437,ESC EST JALES MACHADO,Estadual,3.2,3.5,0.0,0.0,0.0,0.0,0.0,0.0
4580,TO,1709302,Guaraí,17013445,ESCOLA ESTADUAL GIRASSOL DE TEMPO INTEGRAL JOSE COSTA SOARES,Estadual,3.3,3.5,0.0,0.0,0.0,0.0,0.0,4.0
4581,TO,1709500,Gurupi,17021561,COLEGIO ESTADUAL GIRASSOL DE TEMPO INTEGRAL JOSE SEABRA LEMOS,Estadual,3.3,4.0,3.7,3.4,4.6,4.9,5.1,5.4
4582,TO,1709500,Gurupi,17021588,ESCOLA ESTADUAL DR JOAQUIM PEREIRA DA COSTA,Estadual,3.8,3.5,3.5,3.8,4.1,4.6,5.5,5.1
4583,TO,1709500,Gurupi,17021596,COLEGIO POSITIVO DE GURUPI,Estadual,3.7,4.5,4.4,4.7,4.2,4.7,6.3,0.0
4584,TO,1709500,Gurupi,17021600,INSTITUTO PRESBITERIANO ARAGUAIA,Estadual,4.5,3.9,4.2,4.9,5.0,4.9,5.9,5.8
4585,TO,1709500,Gurupi,17021650,ESCOLA CONVENIADA ESPIRITA BEZERRA DE MENEZES,Estadual,0.0,4.3,4.1,4.6,3.4,0.0,0.0,0.0
4586,TO,1709500,Gurupi,17021693,ESC EST CUSTODIO RIBEIRO DA SILVA,Estadual,3.9,3.8,4.1,3.6,3.3,0.0,0.0,0.0
4587,TO,1709500,Gurupi,17021707,ESCOLA ESTADUAL DR WALDIR LINS,Estadual,0.0,3.5,4.6,0.0,3.6,0.0,0.0,4.6
4588,TO,1709500,Gurupi,17021731,ESCOLA ESTADUAL HERCILIA CARVALHO DA SILVA,Estadual,0.0,3.7,3.4,3.6,3.9,4.4,4.6,4.4
4589,TO,1709500,Gurupi,17021740,ESCOLA ESTADUAL JOAO XXIII,Estadual,0.0,2.6,0.0,0.0,0.0,0.0,0.0,0.0
4590,TO,1709500,Gurupi,17021774,ESCOLA ESTADUAL GIRASSOL DE TEMPO INTEGRAL PRESIDENTE COSTA E SILVA,Estadual,4.1,3.7,5.1,4.6,4.3,5.0,5.5,5.7
4591,TO,1709500,Gurupi,17021782,ESCOLA ESTADUAL RUI BARBOSA,Estadual,4.1,4.3,0.0,0.0,0.0,0.0,0.0,0.0
4592,TO,1709500,Gurupi,17021790,ESCOLA ESTADUAL SETOR AEROPORTO,Estadual,0.0,3.8,3.7,2.7,2.6,3.5,4.7,4.6
4593,TO,1709500,Gurupi,17021804,ESCOLA ESTADUAL VILA GUARACY,Estadual,3.8,4.5,3.8,4.3,3.7,3.4,4.1,5.1
4603,TO,1709500,Gurupi,17038359,CENTRO EDUC FE E ALEGRIA PAROQUIAL BERNARDO SAYAO,Estadual,3.8,4.6,4.1,4.4,3.6,3.9,5.7,0.0
4604,TO,1709500,Gurupi,17039509,EDUCANDARIO EVANGELICO EBENEZER,Estadual,4.4,5.3,6.3,6.3,6.9,6.2,7.3,7.0
4607,TO,1709807,Ipueiras,17024935,ESC EST FELIX CAMOA II,Estadual,0.0,3.4,3.6,3.1,3.3,3.6,4.1,4.1
4608,TO,1710508,Itacajá,17028795,COLEGIO ESTADUAL DE ITACAJA,Estadual,4.4,4.2,4.4,4.0,4.2,4.7,5.9,0.0
4609,TO,1710508,Itacajá,17028809,ESCOLA ESTADUAL ALMEIDA SARDINHA,Estadual,0.0,3.9,3.8,3.9,3.5,3.4,3.8,0.0
4610,TO,1710508,Itacajá,17065801,ESCOLA ESTADUAL INDIGENA MANGABEIRA,Estadual,0.0,0.0,0.0,1.2,0.0,0.0,0.0,0.0
4611,TO,1710706,Itaguatins,17001943,COLEGIO ESTADUAL OLAVO BILAC,Estadual,3.2,3.6,3.5,3.2,3.3,4.2,3.6,4.0
4614,TO,1710904,Itapiratins,17029449,ESC EST REZENDE DE ALMEIDA,Estadual,3.6,3.5,3.1,2.6,3.7,3.7,3.8,4.2
4615,TO,1711100,Itaporã do Tocantins,17014050,COLEGIO ESTADUAL FRANCISCA ALVES DE ALENCAR,Estadual,3.6,2.8,0.0,2.6,3.1,3.9,4.5,4.2
4619,TO,1711803,Juarina,17014298,COLEGIO ESTADUAL ZICO DORNELES,Estadual,2.7,3.5,3.0,3.6,3.9,3.3,3.5,0.0
4620,TO,1711902,Lagoa da Confusão,17018994,COLEGIO ESTADUAL LAGOA DA CONFUSAO,Estadual,4.3,3.8,4.1,0.0,4.2,3.1,4.4,3.6
4623,TO,1711951,Lagoa do Tocantins,17029864,ESCOLA ESTADUAL SALMON DO AMARAL BRITO,Estadual,0.0,3.8,3.7,4.4,3.9,3.7,4.0,3.8
4624,TO,1712009,Lajeado,17023858,COLEGIO ESTADUAL NOSSA SENHORA DA PROVIDENCIA,Estadual,0.0,3.5,3.0,4.1,3.9,3.8,0.0,4.7
4627,TO,1712157,Lavandeira,17033292,COLEGIO ESTADUAL LAVANDEIRA,Estadual,0.0,4.1,4.0,4.1,4.0,4.1,5.1,4.9
4628,TO,1712405,Lizarda,17029872,COLEGIO ESTADUAL 31 DE MARCO,Estadual,3.7,3.1,3.4,2.8,3.2,3.2,0.0,3.5
4629,TO,1712405,Lizarda,17029880,ESC EST REGINA SIQUEIRA CAMPOS,Estadual,0.0,0.0,0.0,0.0,4.0,0.0,3.6,0.0
4630,TO,1712405,Lizarda,17041880,ESCOLA ESTADUAL AYRTON SENNA,Estadual,0.0,0.0,0.0,0.0,0.0,0.0,3.4,3.7
4631,TO,1712454,Luzinópolis,17004284,COL EST JUSCELINO K DE OLIVEIRA,Estadual,4.0,3.1,3.5,4.1,3.0,3.6,4.6,4.9
4632,TO,1712504,Marianópolis do Tocantins,17014522,COLEGIO EST DAVID BARBOSA ROLINS,Estadual,3.2,3.6,4.0,4.5,3.8,4.3,4.4,3.7
4635,TO,1712702,Mateiros,17030412,ESCOLA ESTADUAL ESTEFANIO TELES DAS CHAGAS,Estadual,2.9,3.4,3.4,4.5,3.8,3.3,0.0,0.0
4636,TO,1712702,Mateiros,17098807,ESCOLA ESTADUAL SILVERIO RIBEIRO DE MATOS,Estadual,0.0,0.0,0.0,0.0,0.0,0.0,0.0,0.0
4637,TO,1712801,Maurilândia do Tocantins,17002435,ESCOLA ESTADUAL PEDRO LUDOVICO TEIXEIRA,Estadual,3.1,2.7,3.2,0.0,3.4,2.8,4.0,4.4
4639,TO,1713205,Miracema do Tocantins,17014654,COL TOCANTINS,Estadual,4.2,4.6,5.2,4.4,5.1,5.1,5.7,5.4
4640,TO,1713205,Miracema do Tocantins,17014727,CENTRO DE ENSINO MEDIO DONA FILOMENA MOREIRA DE PAULA,Estadual,0.0,3.7,3.1,2.6,2.9,3.0,0.0,0.0
4641,TO,1713205,Miracema do Tocantins,17014751,ESC EST JOSE DAMASCENO VASCONCELOS,Estadual,3.1,3.5,3.4,3.7,4.1,4.2,4.1,4.2
4642,TO,1713205,Miracema do Tocantins,17014760,ESCOLA ESTADUAL ONESINA BANDEIRA,Estadual,0.0,4.2,4.2,3.7,3.7,3.4,3.1,0.0
4643,TO,1713205,Miracema do Tocantins,17014778,ESCOLA ESTADUAL OSCAR SARDINHA,Estadual,0.0,3.6,3.6,3.4,3.6,0.0,3.9,3.1
4645,TO,1713205,Miracema do Tocantins,17014913,ESCOLA ESTADUAL GIRASSOL DE TEMPO INTEGRAL MANOEL MESSIAS,Estadual,0.0,0.0,2.9,0.0,0.0,0.0,0.0,0.0
4648,TO,1713304,Miranorte,17015367,COLEGIO ESTADUAL NOSSA SENHORA DA PROVIDENCIA,Estadual,2.9,3.8,4.1,4.2,3.8,0.0,0.0,0.0
4649,TO,1713304,Miranorte,17015375,CENTRO DE ENSINO MEDIO RUI BRASIL CAVALCANTE,Estadual,0.0,0.0,0.0,0.0,0.0,3.7,3.5,4.1
4654,TO,1713601,Monte do Carmo,17023939,COLEGIO ESTADUAL PADRE GAMA,Estadual,3.8,3.6,4.0,4.3,4.0,3.7,3.7,4.1
4655,TO,1713601,Monte do Carmo,17023955,ESC EST MESTRA BELA,Estadual,0.0,0.0,0.0,0.0,0.0,0.0,0.0,4.5
4657,TO,1713601,Monte do Carmo,17054435,ESCOLA ESTADUAL PROFESSORA DINA DE OLIVEIRA AMORIM,Estadual,0.0,0.0,0.0,0.0,0.0,0.0,4.1,0.0
4660,TO,1713809,Palmeiras do Tocantins,17002648,COL EST RAIMUNDO NEIVA DE CARVALHO,Estadual,3.9,3.3,3.2,3.1,3.6,3.6,4.5,4.4
4661,TO,1713809,Palmeiras do Tocantins,17045584,ESCOLA ESTADUAL PADRE CESARE LELLI,Estadual,0.0,0.0,0.0,0.0,0.0,3.6,3.9,4.3
4662,TO,1713957,Muricilândia,17008786,ESCOLA ESTADUAL DE MURICILANDIA,Estadual,0.0,3.4,4.1,0.0,3.8,3.6,4.3,3.9
4663,TO,1713957,Muricilândia,17008794,ESC EST MAL COSTA E SILVA,Estadual,3.4,4.2,3.7,3.5,4.3,4.0,4.3,4.1
4664,TO,1714203,Natividade,17034612,COL EST DR QUINTILIANO DA SILVA,Estadual,3.3,3.4,4.1,4.0,3.7,3.6,4.0,4.3
4665,TO,1714203,Natividade,17034639,ESC EST JOAQUIM LINO SUARTE,Estadual,0.0,3.4,0.0,0.0,0.0,0.0,0.0,5.0
4666,TO,1714203,Natividade,17034655,ESC EST MESTRA EVA NUNES DA SILVA,Estadual,0.0,0.0,3.3,0.0,0.0,0.0,0.0,0.0
4667,TO,1714203,Natividade,17034663,ESC EST NOSSA SRA DE FATIMA - O PELICANO,Estadual,0.0,2.7,4.0,3.9,0.0,0.0,4.9,5.7
4668,TO,1714302,Nazaré,17002737,COL EST PRES CASTELO BRANCO,Estadual,3.3,3.3,3.6,4.0,3.5,3.1,3.4,4.0
4669,TO,1714302,Nazaré,17002770,ESCOLA ESTADUAL PIACAVA,Estadual,0.0,0.0,0.0,0.0,0.0,0.0,5.1,5.7
4670,TO,1714880,Nova Olinda,17008867,COL EST DR HELIO SOUZA BUENO,Estadual,3.2,2.8,3.3,3.4,3.2,3.4,0.0,4.1
4671,TO,1714880,Nova Olinda,17008905,ESCOLA ESTADUAL PROFESSORA HAMEDY CURY QUEIROZ,Estadual,0.0,0.0,3.6,3.6,3.6,3.7,4.5,0.0
4674,TO,1715002,Nova Rosalândia,17019095,COLEGIO ESTADUAL VEREADOR PEDRO XAVIER TEIXEIRA,Estadual,3.7,3.9,4.1,4.2,3.7,3.6,0.0,0.0
4675,TO,1715002,Nova Rosalândia,17019125,ESCOLA ESTADUAL GIRASSOL DE TEMPO INTEGRAL REGINA SIQUEIRA CAMPOS,Estadual,0.0,0.0,0.0,0.0,0.0,0.0,4.9,5.3
4676,TO,1715101,Novo Acordo,17030528,COLEGIO ESTADUAL PROFESSORA ELIACENA MOURA LEITAO,Estadual,3.2,3.5,3.7,3.6,3.0,2.9,3.2,3.5
4677,TO,1715101,Novo Acordo,17030536,ESCOLA ESTADUAL PEDRO MACEDO,Estadual,0.0,0.0,0.0,0.0,0.0,0.0,0.0,4.1
4678,TO,1715150,Novo Alegre,17035180,COLEGIO ESTADUAL DR JOAO D ABREU,Estadual,3.6,4.1,3.2,4.0,3.1,4.5,5.3,5.2
4679,TO,1715259,Novo Jardim,17035210,ESC EST JARDIM,Estadual,2.9,2.4,2.9,3.2,3.1,3.4,3.8,0.0
4680,TO,1715507,Oliveira de Fátima,17018188,ESC EST RIACHUELO,Estadual,0.0,3.6,3.3,3.1,0.0,0.0,0.0,0.0
4682,TO,1715705,Palmeirante,17009316,ESCOLA ESTADUAL JOAO AIRES GABRIEL,Estadual,0.0,3.1,3.6,4.0,3.6,3.6,3.4,3.7
4686,TO,1715754,Palmeirópolis,17022312,ESCOLA ESTADUAL PROFESSORA MARIA GUEDES,Estadual,3.2,3.1,4.5,4.1,4.2,3.5,5.6,5.4
4687,TO,1715754,Palmeirópolis,17022320,COLEGIO ESTADUAL PROFESSORA ONEIDES ROSA DE MOURA,Estadual,4.2,5.6,0.0,0.0,0.0,0.0,0.0,0.0
4688,TO,1716109,Paraíso do Tocantins,17019184,ESCOLA ESTADUAL AMANCIO DE MORAES,Estadual,3.9,4.0,4.0,4.2,3.9,3.5,4.5,4.8
4689,TO,1716109,Paraíso do Tocantins,17019192,COLEGIO ESTADUAL IDALINA DE PAULA,Estadual,3.3,3.7,3.4,4.0,3.3,3.4,0.0,0.0
4690,TO,1716109,Paraíso do Tocantins,17019206,INSTITUTO PRESBITERIANO VALE DO TOCANTINS,Estadual,4.2,4.2,4.4,4.8,3.7,4.8,5.8,5.6
4691,TO,1716109,Paraíso do Tocantins,17019222,COL SAO GERALDO,Estadual,5.4,5.3,0.0,0.0,0.0,0.0,0.0,0.0
4692,TO,1716109,Paraíso do Tocantins,17019265,ESCOLA ESTADUAL JUSCELINO KUBITSCHEK DE OLIVEIRA,Estadual,0.0,0.0,0.0,0.0,4.0,3.7,4.8,4.3
4693,TO,1716109,Paraíso do Tocantins,17019290,COLEGIO ESTADUAL PROFESSOR JOSE NEZIO RAMOS,Estadual,3.3,3.5,3.9,3.7,2.8,3.5,4.5,4.5
4694,TO,1716109,Paraíso do Tocantins,17019303,ESCOLA ESTADUAL SAO JOSE OPERARIO,Estadual,3.3,3.6,4.0,4.1,3.7,3.8,4.7,4.2
4695,TO,1716109,Paraíso do Tocantins,17019311,ESCOLA ESTADUAL GIRASSOL DE TEMPO INTEGRAL TRAJANO COELHO NETO,Estadual,3.3,4.6,4.1,0.0,0.0,0.0,0.0,0.0
4699,TO,1716109,Paraíso do Tocantins,17040205,ESCOLA ESTADUAL DEUSA MORAES,Estadual,3.8,3.8,4.4,4.4,4.6,4.4,5.7,5.2
4702,TO,1716109,Paraíso do Tocantins,17122805,CEM GIRASSOL DE TEMPO INTEGRAL DIACONIZIO BEZERRA DA SILVA,Estadual,0.0,0.0,0.0,4.5,4.2,3.6,4.9,5.3
4703,TO,1716208,Paranã,17035287,COLEGIO ESTADUAL DESEMBARGADOR VIRGILIO DE MELO FRANCO,Estadual,3.0,3.8,3.6,3.1,2.7,3.7,3.3,0.0
4704,TO,1716208,Paranã,17035333,ESCOLA ESTADUAL FLORESTA,Estadual,0.0,0.0,0.0,2.8,0.0,4.1,4.5,4.2
4706,TO,1716208,Paranã,17035465,ESCOLA ESTADUAL SANTA RITA DO RIO PALMA,Estadual,0.0,0.0,0.0,0.0,3.3,0.0,2.9,4.0
4710,TO,1716307,Pau D'Arco,17040183,COLEGIO ESTADUAL ULISSES GUIMARAES,Estadual,3.9,3.2,3.9,3.4,3.8,3.8,4.4,4.2
4712,TO,1716505,Pedro Afonso,17024307,COLEGIO CRISTO REI,Estadual,3.6,3.8,3.7,4.4,4.2,0.0,0.0,0.0
4713,TO,1716505,Pedro Afonso,17024323,ESCOLA ESTADUAL ANA AMORIM,Estadual,0.0,3.7,0.0,0.0,3.5,3.8,4.8,4.9
4714,TO,1716505,Pedro Afonso,17024340,ESC EST GIRASSOL DE TEMPO INTEGRAL COMENDADOR PADUA FLEURY,Estadual,0.0,3.7,3.4,4.3,4.3,5.0,5.4,4.5
4716,TO,1716604,Peixe,17022819,COLEGIO ESTADUAL DOM ALANO,Estadual,3.6,3.7,4.1,3.9,4.3,4.5,0.0,0.0
4719,TO,1716604,Peixe,17022860,ESC EST TANCREDO DE ALMEIDA NEVES,Estadual,0.0,0.0,0.0,0.0,0.0,4.3,4.7,0.0
4723,TO,1716653,Pequizeiro,17015960,COLEGIO ESTADUAL BERNARDO SAYAO,Estadual,3.9,3.8,4.0,3.5,3.3,3.7,4.4,4.9
4726,TO,1716703,Colméia,17016231,COL EST SERRA DAS CORDILHEIRAS,Estadual,4.1,4.4,5.1,4.9,4.1,4.6,5.2,5.3
4727,TO,1716703,Colméia,17016240,COLEGIO EST ARY RIBEIRO VALADAO FILHO,Estadual,3.6,4.0,3.8,4.0,3.8,4.1,4.4,4.6
4729,TO,1717008,Pindorama do Tocantins,17035830,ESCOLA ESTADUAL JOSE ALVES DE ASSIS,Estadual,3.5,0.0,3.4,4.0,3.3,3.3,0.0,0.0
4730,TO,1717008,Pindorama do Tocantins,17035848,COLEGIO ESTADUAL MANOEL DOS SANTOS ROSAL,Estadual,4.0,3.7,4.0,3.7,4.0,3.7,5.5,5.0
4731,TO,1717206,Piraquê,17009774,ESC EST SAO JOSE,Estadual,3.1,3.1,3.5,3.4,3.5,4.4,4.6,0.0
4732,TO,1717503,Pium,17019729,COL EST BARTOLOMEU BUENO,Estadual,3.4,3.3,4.0,4.0,3.8,3.9,5.2,4.7
4735,TO,1717800,Ponte Alta do Bom Jesus,17036208,COL EST ANTONIO CARLOS FRANCA,Estadual,2.9,2.5,3.4,3.1,3.8,3.3,4.2,2.5
4736,TO,1717800,Ponte Alta do Bom Jesus,17036275,ESC EST BOA VISTA DE BELEM,Estadual,0.0,0.0,0.0,0.0,0.0,0.0,3.8,0.0
4739,TO,1717909,Ponte Alta do Tocantins,17030811,COLEGIO ESTADUAL ODOLFO SOARES,Estadual,4.0,3.8,3.6,4.0,3.5,3.6,4.6,0.0
4740,TO,1718006,Porto Alegre do Tocantins,17036577,COL EST ALFREDO NASSER,Estadual,3.5,3.2,3.2,4.1,4.1,0.0,0.0,0.0
4741,TO,1718204,Porto Nacional,17024790,CEM PROFESSOR FLORENCIO AIRES,Estadual,0.0,0.0,0.0,0.0,3.7,3.2,3.5,0.0
4742,TO,1718204,Porto Nacional,17024854,ESC EST ALFREDO NASSER,Estadual,0.0,0.0,2.7,0.0,3.2,0.0,3.4,4.0
4743,TO,1718204,Porto Nacional,17024862,ESCOLA ESTADUAL ANA MACEDO MAIA,Estadual,3.6,4.1,4.6,4.8,4.7,4.4,4.9,5.0
4744,TO,1718204,Porto Nacional,17024870,ESCOLA ESTADUAL CARMENIA MATOS MAIA,Estadual,3.4,3.6,3.4,3.1,3.2,3.2,4.0,0.0
4745,TO,1718204,Porto Nacional,17024889,ESC EST CUSTODIA DA SILVA PEDREIRA,Estadual,3.6,3.4,3.7,4.1,4.1,0.0,0.0,4.8
4746,TO,1718204,Porto Nacional,17024897,ESC EST D DOMINGOS CARREROT,Estadual,4.1,4.2,4.3,4.2,4.3,3.9,4.1,5.1
4747,TO,1718204,Porto Nacional,17024900,ESCOLA ESTADUAL GIRASSOL DE TEMPO INTEGRAL DOM PEDRO II,Estadual,4.3,3.9,3.4,0.0,4.2,0.0,4.1,5.3
4748,TO,1718204,Porto Nacional,17024919,COLEGIO ESTADUAL DR PEDRO LUDOVICO TEIXEIRA,Estadual,4.2,4.2,4.2,4.1,4.1,3.2,0.0,0.0
4749,TO,1718204,Porto Nacional,17024943,ESC EST GIRASSOL DE TEMPO INTEGRAL FREI JOSE MARIA AUDRIM,Estadual,0.0,3.5,0.0,0.0,0.0,0.0,0.0,0.0
4750,TO,1718204,Porto Nacional,17024951,ESCOLA ESTADUAL GIRASSOL DE TEMPO INTEGRAL IRMA ASPASIA,Estadual,4.1,4.6,4.3,4.6,4.5,4.3,5.3,5.0
4751,TO,1718204,Porto Nacional,17024960,COLEGIO ESTADUAL MARECHAL ARTUR DA COSTA SILVA,Estadual,4.0,3.7,3.1,4.4,3.9,3.5,4.4,4.7
4752,TO,1718204,Porto Nacional,17024994,ESC EST PROF MARIA ESCOLASTICA PEDREIRA BRITO,Estadual,0.0,0.0,0.0,3.9,2.7,0.0,0.0,0.0
4753,TO,1718204,Porto Nacional,17025001,ESC EST PROF RAIMUNDO G DE OLIVEIRA,Estadual,2.8,3.8,4.2,3.3,0.0,0.0,0.0,0.0
4754,TO,1718204,Porto Nacional,17025010,ESCOLA ESTADUAL PROFESSORA ALCIDES RODRIGUES AIRES,Estadual,4.3,4.1,4.3,4.0,3.9,3.9,4.7,5.0
4755,TO,1718204,Porto Nacional,17025052,COLEGIO ESTADUAL ANGELICA RIBEIRO ARANHA,Estadual,3.4,3.6,3.5,3.3,3.7,3.2,3.3,4.2
4756,TO,1718204,Porto Nacional,17025117,ESCOLA ESTADUAL BRASIL,Estadual,0.0,0.0,3.3,3.4,3.1,0.0,3.9,4.8
4758,TO,1718204,Porto Nacional,17025206,CEM FELIX CAMOA I,Estadual,0.0,0.0,0.0,0.0,0.0,3.3,0.0,0.0
4759,TO,1718204,Porto Nacional,17026245,ESCOLA ESTADUAL BEIRA RIO,Estadual,0.0,0.0,3.2,3.0,3.2,3.9,4.0,0.0
4760,TO,1718204,Porto Nacional,17040124,ESC FAMILIA AGRICOLA DE PORTO NACIONAL,Estadual,0.0,0.0,3.8,3.6,2.9,0.0,3.7,4.1
4763,TO,1718303,Praia Norte,17003075,COL EST 1 DE JUNHO,Estadual,0.0,0.0,0.0,3.2,3.8,3.5,4.8,3.4
4764,TO,1718303,Praia Norte,17003083,ESC EST GENESIO GOMES,Estadual,3.2,3.4,3.1,0.0,0.0,0.0,0.0,0.0
4769,TO,1718402,Presidente Kennedy,17016819,COL EST JUSCELINO KUBITSCHEK,Estadual,3.9,4.3,3.5,3.8,4.5,4.8,4.8,3.9
4770,TO,1718402,Presidente Kennedy,17016843,ESC EST OLAVO BILAC,Estadual,3.9,4.1,3.8,4.1,3.8,3.9,3.9,0.0
4772,TO,1718451,Pugmil,17046386,COL EST DARCY RIBEIRO,Estadual,0.0,0.0,3.3,3.8,3.0,4.2,4.6,4.5
4773,TO,1718501,Recursolândia,17031176,ESCOLA ESTADUAL RECURSO I,Estadual,3.6,2.9,3.9,4.2,3.7,4.0,4.6,3.9
4775,TO,1718550,Riachinho,17003261,ESC EST JOAO XXIII,Estadual,3.4,3.9,3.5,3.5,2.9,0.0,0.0,0.0
4778,TO,1718659,Rio da Conceição,17036704,ESCOLA ESTADUAL VIRGILIO FERREIRA DE FRANCA,Estadual,2.6,2.8,3.1,3.8,3.3,4.1,0.0,4.2
4779,TO,1718709,Rio dos Bois,17016932,COLEGIO ESTADUAL DR VALDECY PINHEIRO,Estadual,2.7,3.3,3.0,3.0,3.1,0.0,0.0,4.0
4780,TO,1718758,Rio Sono,17031540,COLEGIO ESTADUAL DE RIO SONO,Estadual,3.1,3.6,3.3,3.6,3.7,4.1,0.0,4.3
4782,TO,1718758,Rio Sono,17031567,ESC EST IMACULADA CONCEICAO,Estadual,0.0,0.0,0.0,0.0,3.6,0.0,3.6,3.8
4783,TO,1718758,Rio Sono,17031575,ESCOLA ESTADUAL NOVO HORIZONTE,Estadual,3.7,4.2,3.8,3.7,3.6,4.1,3.9,0.0
4785,TO,1718808,Sampaio,17003440,ESC EST SAMPAIO,Estadual,3.2,3.5,3.8,3.6,3.6,4.1,0.0,4.6
4786,TO,1718840,Sandolândia,17020140,COLEGIO ESTADUAL NOSSA SENHORA APARECIDA,Estadual,3.5,2.7,3.5,3.3,3.6,4.1,0.0,4.1
4787,TO,1718865,Santa Fé do Araguaia,17009880,ESC EST ANAIDES BRITO MIRANDA,Estadual,3.6,3.5,3.9,4.0,3.9,0.0,0.0,0.0
4788,TO,1718865,Santa Fé do Araguaia,17009898,ESC EST CASTRO ALVES,Estadual,0.0,0.0,3.2,0.0,3.8,3.8,4.2,4.5
4790,TO,1718881,Santa Maria do Tocantins,17025621,COLEGIO ESTADUAL GIRASSOL DE TEMPO INTEGRAL SANTA MARIA,Estadual,0.0,4.8,4.3,4.2,0.0,0.0,4.1,0.0
4793,TO,1718899,Santa Rita do Tocantins,17020875,ESC EST DE 1º GRAU BOA NOVA,Estadual,0.0,3.9,4.4,4.5,4.3,5.4,4.5,0.0
4795,TO,1718907,Santa Rosa do Tocantins,17036747,ESCOLA ESTADUAL PROFESSOR ZACHARIAS NUNES DA SILVEIRA,Estadual,0.0,0.0,0.0,0.0,0.0,0.0,0.0,5.5
4796,TO,1718907,Santa Rosa do Tocantins,17036755,ESC EST TENENTE SALVADOR RIBEIRO,Estadual,3.1,3.3,3.4,4.0,3.4,3.4,4.7,4.7
4799,TO,1719004,Santa Tereza do Tocantins,17031990,COLEGIO ESTADUAL PROFESSOR MANOEL SILVERIO DOURADO,Estadual,3.9,3.5,3.9,4.1,3.1,3.8,4.3,5.0
4801,TO,1720002,Santa Terezinha do Tocantins,17002753,COL EST DR JOSE FELICIANO FERREIRA,Estadual,3.6,2.5,3.3,3.3,3.9,4.1,3.9,3.6
4803,TO,1720101,São Bento do Tocantins,17003512,COLEGIO ESTADUAL IRMAOS FILGUEIRAS,Estadual,3.1,3.5,3.6,3.4,2.8,2.8,3.8,0.0
4804,TO,1720101,São Bento do Tocantins,17040000,ESC EST ANAIDES BRITO DE MIRANDA,Estadual,0.0,0.0,0.0,3.0,2.7,3.1,3.7,0.0
4805,TO,1720150,São Félix do Tocantins,17032091,ESCOLA ESTADUAL SAGRADO CORACAO DE JESUS,Estadual,3.2,3.3,2.7,4.0,3.5,3.6,4.1,3.5
4806,TO,1720200,São Miguel do Tocantins,17003644,ESCOLA EST BELA VISTA,Estadual,0.0,0.0,3.3,3.8,2.5,3.3,3.0,2.8
4807,TO,1720200,São Miguel do Tocantins,17003652,ESCOLA EST SAO MIGUEL,Estadual,3.5,3.6,2.9,3.7,3.1,3.6,4.3,3.8
4810,TO,1720259,São Salvador do Tocantins,17040035,ESC EST RETIRO,Estadual,0.0,3.3,3.6,3.3,3.1,0.0,5.3,0.0
4811,TO,1720259,São Salvador do Tocantins,17040051,COLEGIO ESTADUAL PORTO DO RIO MARANHAO,Estadual,3.2,3.5,3.2,0.0,3.0,0.0,3.1,3.7
4812,TO,1720259,São Salvador do Tocantins,17055857,COLEGIO ESTADUAL FAMILIA AGRICOLA JOSE PORFIRIO DE SOUZA,Estadual,0.0,0.0,0.0,0.0,0.0,0.0,4.6,4.3
4813,TO,1720309,São Sebastião do Tocantins,17003849,COL EST IRIO OLIVEIRA SOUZA,Estadual,3.9,4.0,3.8,3.0,2.8,3.1,3.4,0.0
4814,TO,1720309,São Sebastião do Tocantins,17003857,ESC EST DR PEDRO LUDOVICO TEIXEIRA,Estadual,0.0,0.0,0.0,0.0,0.0,0.0,4.0,4.3
4815,TO,1720499,São Valério,17036917,COLEGIO ESTADUAL REGINA SIQUEIRA CAMPOS,Estadual,3.9,4.2,4.4,4.1,4.3,4.9,5.6,5.4
4817,TO,1720655,Silvanópolis,17025885,COLEGIO ESTADUAL JOAO DA SILVA GUIMARAES,Estadual,3.3,3.5,3.3,3.8,3.5,3.9,4.0,4.1
4818,TO,1720655,Silvanópolis,17025923,ESC EST GIRASSOL DE TEMPO INTEGRAL JOAO PIRES QUERIDO,Estadual,3.0,3.1,3.4,3.4,0.0,0.0,0.0,4.0
4819,TO,1720804,Sítio Novo do Tocantins,17003970,COL EST MARECHAL RIBAS JUNIOR,Estadual,3.3,3.0,3.6,3.4,3.0,3.0,3.9,4.2
4820,TO,1720804,Sítio Novo do Tocantins,17003997,ESC EST MANOEL ESTEVAO DE SOUZA,Estadual,2.7,3.0,3.3,3.2,3.5,3.2,2.5,3.3
4823,TO,1720804,Sítio Novo do Tocantins,17038820,ESCOLA ESTADUAL JOAQUIM THEOTONIO SEGURADO,Estadual,0.0,0.0,4.0,0.0,0.0,0.0,4.0,4.6
4824,TO,1720804,Sítio Novo do Tocantins,17039894,ESC EST RAIMUNDO NONATO LEITE,Estadual,0.0,0.0,0.0,0.0,0.0,0.0,2.7,3.2
4825,TO,1720853,Sucupira,17023319,COLEGIO ESTADUAL OLAVO BILAC,Estadual,0.0,3.9,3.6,2.8,3.7,3.8,4.0,4.8
4826,TO,1720903,Taguatinga,17037158,COL EST PROF AURELIANO,Estadual,3.2,2.2,3.9,4.1,4.5,4.1,4.8,0.0
4827,TO,1720903,Taguatinga,17037174,ESC EST AGOSTINHO DE ALMEIDA,Estadual,0.0,0.0,0.0,0.0,0.0,0.0,0.0,4.2
4828,TO,1720903,Taguatinga,17037204,ESC EST JOAQUIM JOSE DE ALMEIDA,Estadual,0.0,0.0,0.0,0.0,4.0,3.2,4.7,0.0
4829,TO,1720903,Taguatinga,17037220,COLEGIO ESTADUAL JUSTINO DE ALMEIDA,Estadual,2.9,2.7,3.4,3.3,3.2,3.1,4.2,0.0
4834,TO,1720937,Taipas do Tocantins,17037786,ESC EST JOAQUIM FRANCISCO DE AZEVEDO,Estadual,3.0,2.9,3.2,4.4,3.6,3.4,4.0,3.2
4837,TO,1721000,Palmas,17026172,CENTRO DE ENSINO MEDIO SANTA RITA DE CASSIA,Estadual,4.0,4.1,4.1,3.8,0.0,0.0,0.0,0.0
4840,TO,1721000,Palmas,17026253,COLEGIO ESTADUAL CRIANCA ESPERANCA,Estadual,3.2,3.3,3.7,3.7,2.7,3.4,2.8,0.0
4841,TO,1721000,Palmas,17026261,ESCOLA ESTADUAL VILA UNIAO,Estadual,3.2,3.9,4.1,4.5,4.5,4.7,0.0,0.0
4842,TO,1721000,Palmas,17026270,COLEGIO ESTADUAL DOM ALANO MARIE DU NODAY,Estadual,4.1,5.0,4.7,4.3,4.2,3.5,5.0,4.7
4843,TO,1721000,Palmas,17026288,COLEGIO ESTADUAL DUQUE DE CAXIAS,Estadual,4.2,3.8,4.3,3.9,4.4,3.9,3.7,4.4
4844,TO,1721000,Palmas,17026296,ESC EST FREDERICO JOSE PEDREIRA NETO,Estadual,3.7,4.3,4.0,3.7,0.0,0.0,0.0,0.0
4845,TO,1721000,Palmas,17026300,ESCOLA ESTADUAL LIBERDADE,Estadual,3.3,3.6,3.9,3.7,3.8,3.3,3.9,0.0
4846,TO,1721000,Palmas,17026318,ESCOLA ESTADUAL MADRE BELEM,Estadual,3.9,3.9,4.4,3.9,3.4,2.5,0.0,0.0
4847,TO,1721000,Palmas,17026334,ESCOLA ESTADUAL NOVO HORIZONTE,Estadual,3.9,4.2,4.3,4.8,4.2,3.7,0.0,4.4
4848,TO,1721000,Palmas,17026342,ESCOLA ESTADUAL SANTA FE,Estadual,0.0,3.6,4.0,4.1,3.3,2.9,0.0,3.7
4849,TO,1721000,Palmas,17026350,COLEGIO ESTADUAL SAO JOSE,Estadual,4.1,4.3,4.6,4.4,4.2,3.0,3.9,0.0
4850,TO,1721000,Palmas,17026369,ESCOLA ESTADUAL SETOR SUL,Estadual,3.7,4.1,4.1,4.0,4.0,3.2,0.0,3.8
4851,TO,1721000,Palmas,17026377,ESCOLA ESTADUAL VALE DO SOL,Estadual,0.0,4.6,4.0,4.4,3.7,3.9,4.0,0.0
4864,TO,1721000,Palmas,17038715,CENTRO DE ATENCAO A CRIANCA GIRASSOL DE TEMPO INTEGRAL - CAIC,Estadual,3.8,3.3,4.3,3.8,6.2,5.8,0.0,0.0
4871,TO,1721000,Palmas,17049229,COLEGIO ESTADUAL GIRASSOL DE TEMPO INTEGRAL AUGUSTO DOS ANJOS,Estadual,0.0,0.0,0.0,0.0,0.0,3.2,4.5,0.0
4872,TO,1721000,Palmas,17049237,COLEGIO ESTADUAL GIRASSOL DE TEMPO INTEGRAL RACHEL DE QUEIROZ,Estadual,0.0,0.0,0.0,4.2,2.6,3.0,3.6,0.0
4874,TO,1721000,Palmas,17051975,INSTITUTO PRESBITERIANO EDUCACIONAL E SOCIAL,Estadual,0.0,0.0,5.3,5.6,5.5,4.4,5.2,0.0
4879,TO,1721000,Palmas,17054060,ESCOLA ESTADUAL MARIA DOS REIS ALVES BARROS,Estadual,0.0,4.5,4.1,3.8,3.2,3.3,4.1,3.8
4884,TO,1721000,Palmas,17068800,COLEGIO DA POLICIA MILITAR DO ESTADO DO TOCANTINS - UNIDADE I,Estadual,0.0,0.0,0.0,5.2,5.0,4.8,6.4,6.5
4887,TO,1721109,Tocantínia,17026946,CENTRO EDUCACIONAL FE E ALEGRIA FREI ANTONIO,Estadual,3.1,3.4,0.0,3.3,3.7,3.7,3.5,3.5
4889,TO,1721109,Tocantínia,17053455,CEMIX-CENTRO DE ENSINO MEDIO INDIGENA XERENTE WARA,Estadual,0.0,0.0,0.0,2.6,0.0,0.0,0.0,0.0
4890,TO,1721208,Tocantinópolis,17004209,COLEGIO DOM ORIONE,Estadual,4.3,4.0,4.7,4.8,4.0,4.2,4.5,3.7
4891,TO,1721208,Tocantinópolis,17004292,ESC EST PE GIULIANO MORETTI,Estadual,3.0,2.6,2.9,3.3,2.9,3.8,3.6,3.8
4892,TO,1721208,Tocantinópolis,17004306,ESC EST PIO XII,Estadual,3.7,2.8,3.1,3.1,2.7,3.0,3.7,0.0
4893,TO,1721208,Tocantinópolis,17004799,ESCOLA PAROQUIAL CRISTO REI,Estadual,0.0,0.0,0.0,0.0,0.0,0.0,0.0,5.8
4894,TO,1721208,Tocantinópolis,17004829,ESCOLA ESTADUAL INDIGENA MATYK,Estadual,0.0,0.0,0.0,0.0,0.0,0.0,0.0,0.0
4895,TO,1721208,Tocantinópolis,17047790,COLEGIO ESTADUAL PROFESSOR JOSE CARNEIRO DE BRITO,Estadual,3.1,2.3,3.0,3.0,3.2,3.7,0.0,4.1
4896,TO,1721257,Tupirama,17014042,ESCOLA ESTADUAL GIRASSOL DE TEMPO INTEGRAL MARIA DA GLORIA,Estadual,0.0,4.2,4.4,4.6,4.2,4.1,4.9,0.0
4897,TO,1721307,Tupiratins,17017041,ESC EST SAO TOMAS DE AQUINO,Estadual,0.0,3.9,3.8,0.0,3.3,3.5,0.0,0.0
4898,TO,1722081,Wanderlândia,17009995,COLEGIO NOSSA SENHORA DA CONCEICAO,Estadual,3.8,4.0,3.2,4.0,4.1,4.5,0.0,0.0
4899,TO,1722081,Wanderlândia,17010012,ESC EST DOM PEDRO II,Estadual,0.0,0.0,0.0,0.0,0.0,0.0,4.6,4.9
4900,TO,1722081,Wanderlândia,17010020,COLEGIO ESTADUAL JOSE LUIZ SIQUEIRA,Estadual,3.8,3.9,0.0,2.8,4.3,3.8,4.9,4.9
4903,TO,1722107,Xambioá,17010322,COL EST JOSE BONIFACIO,Estadual,2.9,3.2,3.7,3.8,3.8,0.0,0.0,0.0
4904,TO,1722107,Xambioá,17010330,ESCOLA ESTADUAL EURICO MOTA,Estadual,0.0,3.0,3.7,3.2,3.7,3.4,0.0,0.0
4905,TO,1722107,Xambioá,17010357,ESCOLA ESTADUAL SAO JUDAS TADEU,Estadual,3.3,2.1,4.2,0.0,0.0,0.0,0.0,0.0
4906,TO,1722107,Xambioá,17010365,ESCOLA PAROQUIAL SAO MIGUEL CONVENIADA,Estadual,3.8,4.2,4.7,4.9,5.0,4.9,5.3,5.0
4908,TO,1722107,Xambioá,17010462,COLEGIO ESTADUAL PROFESSORA JULIANA BARROS,Estadual,3.1,2.9,3.8,4.0,3.3,3.5,0.0,0.0
